<?xml version="1.0" encoding="UTF-8"?>
<project name="module_trunk" default="compile.module.trunk">
  <dirname property="module.trunk.basedir" file="${ant.file.module_trunk}"/>
  
  <property name="module.jdk.home.trunk" value="${jdk.home.1.8}"/>
  <property name="module.jdk.bin.trunk" value="${jdk.bin.1.8}"/>
  <property name="module.jdk.classpath.trunk" value="jdk.classpath.1.8"/>
  
  <property name="compiler.args.trunk" value="-encoding x-MacRoman -source 1.5 -target 1.5 ${compiler.args}"/>
  
  <property name="trunk.output.dir" value="${module.trunk.basedir}/../classes"/>
  <property name="trunk.testoutput.dir" value="${module.trunk.basedir}/../classes"/>
  
  <path id="trunk.module.bootclasspath">
    <!-- Paths to be included in compilation bootclasspath -->
  </path>
  
  <path id="trunk.module.production.classpath">
    <path refid="${module.jdk.classpath.trunk}"/>
    <pathelement location="${basedir}/../lib/jdom.jar"/>
  </path>
  
  <path id="trunk.runtime.production.module.classpath">
    <pathelement location="${trunk.output.dir}"/>
    <pathelement location="${basedir}/../lib/jdom.jar"/>
  </path>
  
  <path id="trunk.module.classpath">
    <path refid="${module.jdk.classpath.trunk}"/>
    <pathelement location="${trunk.output.dir}"/>
    <pathelement location="${basedir}/../lib/jdom.jar"/>
  </path>
  
  <path id="trunk.runtime.module.classpath">
    <pathelement location="${trunk.output.dir}"/>
    <pathelement location="${basedir}/../lib/jdom.jar"/>
  </path>
  
  
  <patternset id="excluded.from.module.trunk">
    <patternset refid="ignored.files"/>
  </patternset>
  
  <patternset id="excluded.from.compilation.trunk">
    <patternset refid="excluded.from.module.trunk"/>
  </patternset>
  
  <path id="trunk.module.sourcepath">
    <dirset dir="${module.trunk.basedir}/../../GameAI">
      <include name="src copy"/>
    </dirset>
  </path>
  
  
  <target name="compile.module.trunk" depends="compile.module.trunk.production,compile.module.trunk.tests" description="Compile module Trunk"/>
  
  <target name="compile.module.trunk.production" depends="register.custom.compilers" description="Compile module Trunk; production classes">
    <mkdir dir="${trunk.output.dir}"/>
    <javac2 destdir="${trunk.output.dir}" debug="${compiler.debug}" nowarn="${compiler.generate.no.warnings}" memorymaximumsize="${compiler.max.memory}" fork="true" executable="${module.jdk.bin.trunk}/javac">
      <compilerarg line="${compiler.args.trunk}"/>
      <bootclasspath refid="trunk.module.bootclasspath"/>
      <classpath refid="trunk.module.production.classpath"/>
      <src refid="trunk.module.sourcepath"/>
      <patternset refid="excluded.from.compilation.trunk"/>
    </javac2>
    
    <copy todir="${trunk.output.dir}">
      <fileset dir="${module.trunk.basedir}">
        <patternset refid="compiler.resources"/>
        <type type="file"/>
      </fileset>
    </copy>
  </target>
  
  <target name="compile.module.trunk.tests" depends="register.custom.compilers,compile.module.trunk.production" description="compile module Trunk; test classes" unless="skip.tests"/>
  
  <target name="clean.module.trunk" description="cleanup module">
    <delete dir="${trunk.output.dir}"/>
    <delete dir="${trunk.testoutput.dir}"/>
  </target>
</project>